_id,_time_c,_time_u,questionaire_id,question_id,answer,_aid,freevalue
1,1664537923,1664537999,1,1,3.0,r1iJvHbkTs7K,
2,1664537923,1664537999,1,2,5.0,r1iJvHbkTs7K,
3,1664537923,1664537999,1,3,5.0,r1iJvHbkTs7K,
4,1664576758,1664619554,2,1,5.0,r1iJvHbkTs7K,
5,1664576758,1664619554,2,2,5.0,r1iJvHbkTs7K,
6,1664576758,1664619554,2,3,5.0,r1iJvHbkTs7K,
7,1664780870,1664780870,3,1,,r1iJvHbkTs7K,
8,1664780870,1664780870,3,2,,r1iJvHbkTs7K,
9,1664780870,1664780870,3,3,,r1iJvHbkTs7K,
10,1664872885,1664872896,4,1,5.0,r1iJvHbkTs7K,
11,1664872885,1664872896,4,2,3.0,r1iJvHbkTs7K,
12,1664872885,1664872896,4,3,3.0,r1iJvHbkTs7K,
13,1664986348,1664986359,5,1,3.0,r1iJvHbkTs7K,
14,1664986348,1664986359,5,2,1.0,r1iJvHbkTs7K,
15,1664986348,1664986359,5,3,5.0,r1iJvHbkTs7K,
16,1665045996,1665045996,6,1,,r1iJvHbkTs7K,
17,1665045996,1665045996,6,2,,r1iJvHbkTs7K,
18,1665045996,1665045996,6,3,,r1iJvHbkTs7K,
19,1665136923,1665136934,7,1,5.0,r1iJvHbkTs7K,
20,1665136923,1665136934,7,2,1.0,r1iJvHbkTs7K,
21,1665136923,1665136934,7,3,5.0,r1iJvHbkTs7K,
22,1665240389,1665240399,8,1,5.0,r1iJvHbkTs7K,
23,1665240389,1665240399,8,2,3.0,r1iJvHbkTs7K,
24,1665240389,1665240399,8,3,5.0,r1iJvHbkTs7K,
25,1665416531,1665416540,9,1,5.0,r1iJvHbkTs7K,
26,1665416531,1665416540,9,2,5.0,r1iJvHbkTs7K,
27,1665416531,1665416540,9,3,5.0,r1iJvHbkTs7K,
28,1665496419,1665496437,10,1,5.0,r1iJvHbkTs7K,
29,1665496419,1665496437,10,2,3.0,r1iJvHbkTs7K,
30,1665496419,1665496437,10,3,5.0,r1iJvHbkTs7K,
31,1665569286,1665569293,11,1,5.0,r1iJvHbkTs7K,
32,1665569286,1665569293,11,2,5.0,r1iJvHbkTs7K,
33,1665569286,1665569293,11,3,5.0,r1iJvHbkTs7K,
34,1665652105,1665652138,12,1,3.0,r1iJvHbkTs7K,
35,1665652105,1665652138,12,2,3.0,r1iJvHbkTs7K,
36,1665652105,1665652138,12,3,3.0,r1iJvHbkTs7K,
37,1665778182,1665778189,13,1,5.0,r1iJvHbkTs7K,
38,1665778182,1665778189,13,2,5.0,r1iJvHbkTs7K,
39,1665778182,1665778189,13,3,5.0,r1iJvHbkTs7K,
40,1665821977,1665821993,14,1,3.0,r1iJvHbkTs7K,
41,1665821977,1665821993,14,2,5.0,r1iJvHbkTs7K,
42,1665821977,1665821993,14,3,5.0,r1iJvHbkTs7K,
43,1665994181,1665994191,15,1,5.0,r1iJvHbkTs7K,
44,1665994181,1665994191,15,2,5.0,r1iJvHbkTs7K,
45,1665994181,1665994191,15,3,5.0,r1iJvHbkTs7K,
46,1666075192,1666075206,16,1,5.0,r1iJvHbkTs7K,
47,1666075192,1666075206,16,2,5.0,r1iJvHbkTs7K,
48,1666075192,1666075206,16,3,5.0,r1iJvHbkTs7K,
49,1666208094,1666208101,17,1,3.0,r1iJvHbkTs7K,
50,1666208094,1666208101,17,2,5.0,r1iJvHbkTs7K,
51,1666208094,1666208101,17,3,5.0,r1iJvHbkTs7K,
52,1666273049,1666273065,18,1,3.0,r1iJvHbkTs7K,
53,1666273049,1666273065,18,2,5.0,r1iJvHbkTs7K,
54,1666273049,1666273065,18,3,3.0,r1iJvHbkTs7K,
55,1666376879,1666376887,19,1,5.0,r1iJvHbkTs7K,
56,1666376879,1666376887,19,2,5.0,r1iJvHbkTs7K,
57,1666376879,1666376887,19,3,5.0,r1iJvHbkTs7K,
58,1666437048,1666437065,20,1,5.0,r1iJvHbkTs7K,
59,1666437048,1666437065,20,2,5.0,r1iJvHbkTs7K,
60,1666437048,1666437065,20,3,3.0,r1iJvHbkTs7K,
61,1666529067,1666529067,21,1,,r1iJvHbkTs7K,
62,1666529067,1666529067,21,2,,r1iJvHbkTs7K,
63,1666529067,1666529067,21,3,,r1iJvHbkTs7K,
64,1666600885,1666600908,22,1,3.0,r1iJvHbkTs7K,
65,1666600885,1666600908,22,2,5.0,r1iJvHbkTs7K,
66,1666600885,1666600908,22,3,5.0,r1iJvHbkTs7K,
67,1666688486,1666688491,23,1,5.0,r1iJvHbkTs7K,
68,1666688486,1666688491,23,2,5.0,r1iJvHbkTs7K,
69,1666688486,1666688491,23,3,5.0,r1iJvHbkTs7K,
70,1666804904,1666804919,24,1,1.0,r1iJvHbkTs7K,
71,1666804904,1666804919,24,2,5.0,r1iJvHbkTs7K,
72,1666804904,1666804919,24,3,5.0,r1iJvHbkTs7K,
73,1666860217,1666860225,25,1,5.0,r1iJvHbkTs7K,
74,1666860217,1666860225,25,2,5.0,r1iJvHbkTs7K,
75,1666860217,1666860225,25,3,5.0,r1iJvHbkTs7K,
76,1667029665,1667029671,26,1,5.0,r1iJvHbkTs7K,
77,1667029665,1667029671,26,2,5.0,r1iJvHbkTs7K,
78,1667029665,1667029671,26,3,5.0,r1iJvHbkTs7K,
79,1667080966,1667122723,27,1,5.0,r1iJvHbkTs7K,
80,1667080966,1667122723,27,2,5.0,r1iJvHbkTs7K,
81,1667080966,1667122723,27,3,5.0,r1iJvHbkTs7K,
82,1667225263,1667225275,28,1,5.0,r1iJvHbkTs7K,
83,1667225263,1667225275,28,2,5.0,r1iJvHbkTs7K,
84,1667225263,1667225275,28,3,5.0,r1iJvHbkTs7K,
85,1667293338,1667293342,29,1,5.0,r1iJvHbkTs7K,
86,1667293338,1667293342,29,2,5.0,r1iJvHbkTs7K,
87,1667293338,1667293342,29,3,5.0,r1iJvHbkTs7K,
88,1667391514,1667391532,30,1,5.0,r1iJvHbkTs7K,
89,1667391514,1667391532,30,2,5.0,r1iJvHbkTs7K,
90,1667391514,1667391532,30,3,5.0,r1iJvHbkTs7K,
91,1667466236,1667466236,31,1,,r1iJvHbkTs7K,
92,1667466236,1667466236,31,2,,r1iJvHbkTs7K,
93,1667466236,1667466236,31,3,,r1iJvHbkTs7K,
94,1667584667,1667584671,32,1,5.0,r1iJvHbkTs7K,
95,1667584667,1667584671,32,2,5.0,r1iJvHbkTs7K,
96,1667584667,1667584671,32,3,5.0,r1iJvHbkTs7K,
97,1667834607,1667834613,33,1,5.0,r1iJvHbkTs7K,
98,1667834607,1667834613,33,2,5.0,r1iJvHbkTs7K,
99,1667834607,1667834613,33,3,3.0,r1iJvHbkTs7K,
100,1667899594,1667899606,34,1,3.0,r1iJvHbkTs7K,
101,1667899594,1667899606,34,2,5.0,r1iJvHbkTs7K,
102,1667899594,1667899606,34,3,3.0,r1iJvHbkTs7K,
103,1667995254,1668012966,35,1,1.0,r1iJvHbkTs7K,
104,1667995254,1668012966,35,2,5.0,r1iJvHbkTs7K,
105,1667995254,1668012966,35,3,5.0,r1iJvHbkTs7K,
106,1668080466,1668117621,36,1,5.0,r1iJvHbkTs7K,
107,1668080466,1668117621,36,2,3.0,r1iJvHbkTs7K,
108,1668080466,1668117621,36,3,5.0,r1iJvHbkTs7K,
109,1668166263,1668166268,37,1,5.0,r1iJvHbkTs7K,
110,1668166263,1668166268,37,2,5.0,r1iJvHbkTs7K,
111,1668166263,1668166268,37,3,5.0,r1iJvHbkTs7K,
112,1668450569,1668450576,38,1,5.0,r1iJvHbkTs7K,
113,1668450569,1668450576,38,2,5.0,r1iJvHbkTs7K,
114,1668450569,1668450576,38,3,5.0,r1iJvHbkTs7K,
115,1668494778,1668494778,39,1,,r1iJvHbkTs7K,
116,1668494778,1668494778,39,2,,r1iJvHbkTs7K,
117,1668494778,1668494778,39,3,,r1iJvHbkTs7K,
118,1668584626,1668584626,40,1,,r1iJvHbkTs7K,
119,1668584626,1668584626,40,2,,r1iJvHbkTs7K,
120,1668584626,1668584626,40,3,,r1iJvHbkTs7K,
121,1668694858,1668694865,41,1,5.0,r1iJvHbkTs7K,
122,1668694858,1668694865,41,2,1.0,r1iJvHbkTs7K,
123,1668694858,1668694865,41,3,3.0,r1iJvHbkTs7K,
124,1668753876,1668753884,42,1,3.0,r1iJvHbkTs7K,
125,1668753876,1668753884,42,2,1.0,r1iJvHbkTs7K,
126,1668753876,1668753884,42,3,3.0,r1iJvHbkTs7K,
127,1668835468,1668835479,43,1,1.0,r1iJvHbkTs7K,
128,1668835468,1668835479,43,2,3.0,r1iJvHbkTs7K,
129,1668835468,1668835479,43,3,3.0,r1iJvHbkTs7K,
130,1668927862,1668927868,44,1,1.0,r1iJvHbkTs7K,
131,1668927862,1668927868,44,2,5.0,r1iJvHbkTs7K,
132,1668927862,1668927868,44,3,3.0,r1iJvHbkTs7K,
133,1669018731,1669018741,45,1,3.0,r1iJvHbkTs7K,
134,1669018731,1669018741,45,2,5.0,r1iJvHbkTs7K,
135,1669018731,1669018741,45,3,5.0,r1iJvHbkTs7K,
136,1669094582,1669094986,46,1,1.0,r1iJvHbkTs7K,
137,1669094582,1669094986,46,2,3.0,r1iJvHbkTs7K,
138,1669094582,1669094986,46,3,3.0,r1iJvHbkTs7K,
139,1669186170,1669186181,47,1,3.0,r1iJvHbkTs7K,
140,1669186170,1669186181,47,2,3.0,r1iJvHbkTs7K,
141,1669186170,1669186181,47,3,3.0,r1iJvHbkTs7K,
142,1669268138,1669268175,48,1,3.0,r1iJvHbkTs7K,
143,1669268138,1669268175,48,2,1.0,r1iJvHbkTs7K,
144,1669268138,1669268175,48,3,3.0,r1iJvHbkTs7K,
145,1669358605,1669358619,49,1,3.0,r1iJvHbkTs7K,
146,1669358605,1669358619,49,2,3.0,r1iJvHbkTs7K,
147,1669358605,1669358619,49,3,5.0,r1iJvHbkTs7K,
148,1669444201,1669444207,50,1,3.0,r1iJvHbkTs7K,
149,1669444201,1669444207,50,2,1.0,r1iJvHbkTs7K,
150,1669444201,1669444207,50,3,3.0,r1iJvHbkTs7K,
151,1669635822,1669635830,51,1,1.0,r1iJvHbkTs7K,
152,1669635822,1669635830,51,2,5.0,r1iJvHbkTs7K,
153,1669635822,1669635830,51,3,5.0,r1iJvHbkTs7K,
154,1669717190,1669717194,52,1,3.0,r1iJvHbkTs7K,
155,1669717190,1669717194,52,2,5.0,r1iJvHbkTs7K,
156,1669717190,1669717194,52,3,5.0,r1iJvHbkTs7K,
157,1669790111,1669790187,53,1,3.0,r1iJvHbkTs7K,
158,1669790111,1669790187,53,2,5.0,r1iJvHbkTs7K,
159,1669790111,1669790187,53,3,5.0,r1iJvHbkTs7K,
160,1669881099,1669881108,54,1,1.0,r1iJvHbkTs7K,
161,1669881099,1669881108,54,2,5.0,r1iJvHbkTs7K,
162,1669881099,1669881108,54,3,5.0,r1iJvHbkTs7K,
163,1670061571,1670061580,55,1,3.0,r1iJvHbkTs7K,
164,1670061571,1670061580,55,2,5.0,r1iJvHbkTs7K,
165,1670061571,1670061580,55,3,3.0,r1iJvHbkTs7K,
166,1670248195,1670248200,56,1,5.0,r1iJvHbkTs7K,
167,1670248195,1670248200,56,2,5.0,r1iJvHbkTs7K,
168,1670248195,1670248200,56,3,5.0,r1iJvHbkTs7K,
169,1670318985,1670318996,57,1,5.0,r1iJvHbkTs7K,
170,1670318985,1670318996,57,2,5.0,r1iJvHbkTs7K,
171,1670318985,1670318996,57,3,5.0,r1iJvHbkTs7K,
172,1670408929,1670408964,58,1,3.0,r1iJvHbkTs7K,
173,1670408929,1670408964,58,2,5.0,r1iJvHbkTs7K,
174,1670408929,1670408964,58,3,3.0,r1iJvHbkTs7K,
175,1670519477,1670519482,59,1,3.0,r1iJvHbkTs7K,
176,1670519477,1670519482,59,2,1.0,r1iJvHbkTs7K,
177,1670519477,1670519482,59,3,3.0,r1iJvHbkTs7K,
178,1670575301,1670575329,60,1,5.0,r1iJvHbkTs7K,
179,1670575301,1670575329,60,2,3.0,r1iJvHbkTs7K,
180,1670575301,1670575329,60,3,5.0,r1iJvHbkTs7K,
181,1670660928,1670660936,61,1,3.0,r1iJvHbkTs7K,
182,1670660928,1670660936,61,2,1.0,r1iJvHbkTs7K,
183,1670660928,1670660936,61,3,3.0,r1iJvHbkTs7K,
184,1670924208,1670924215,62,1,5.0,r1iJvHbkTs7K,
185,1670924208,1670924215,62,2,5.0,r1iJvHbkTs7K,
186,1670924208,1670924215,62,3,5.0,r1iJvHbkTs7K,
187,1671046079,1671046136,63,1,5.0,r1iJvHbkTs7K,
188,1671046079,1671046137,63,2,5.0,r1iJvHbkTs7K,
189,1671046079,1671046136,63,3,5.0,r1iJvHbkTs7K,
190,1671118813,1671118821,64,1,3.0,r1iJvHbkTs7K,
191,1671118813,1671118821,64,2,3.0,r1iJvHbkTs7K,
192,1671118813,1671118821,64,3,5.0,r1iJvHbkTs7K,
193,1671275337,1671275344,65,1,5.0,r1iJvHbkTs7K,
194,1671275337,1671275344,65,2,5.0,r1iJvHbkTs7K,
195,1671275337,1671275344,65,3,5.0,r1iJvHbkTs7K,
196,1671446423,1671446431,66,1,5.0,r1iJvHbkTs7K,
197,1671446423,1671446431,66,2,5.0,r1iJvHbkTs7K,
198,1671446423,1671446431,66,3,5.0,r1iJvHbkTs7K,
199,1671532080,1671532084,67,1,5.0,r1iJvHbkTs7K,
200,1671532080,1671532084,67,2,5.0,r1iJvHbkTs7K,
201,1671532080,1671532084,67,3,5.0,r1iJvHbkTs7K,
202,1671647760,1671647766,68,1,1.0,r1iJvHbkTs7K,
203,1671647760,1671647766,68,2,5.0,r1iJvHbkTs7K,
204,1671647760,1671647766,68,3,5.0,r1iJvHbkTs7K,
205,1671721477,1671721485,69,1,3.0,r1iJvHbkTs7K,
206,1671721477,1671721485,69,2,5.0,r1iJvHbkTs7K,
207,1671721477,1671721485,69,3,5.0,r1iJvHbkTs7K,
208,1671873417,1671873423,70,1,5.0,r1iJvHbkTs7K,
209,1671873417,1671873423,70,2,5.0,r1iJvHbkTs7K,
210,1671873417,1671873423,70,3,1.0,r1iJvHbkTs7K,
211,1672064798,1672064806,71,1,3.0,r1iJvHbkTs7K,
212,1672064798,1672064806,71,2,5.0,r1iJvHbkTs7K,
213,1672064798,1672064806,71,3,5.0,r1iJvHbkTs7K,
214,1672131051,1672131057,72,1,5.0,r1iJvHbkTs7K,
215,1672131051,1672131057,72,2,5.0,r1iJvHbkTs7K,
216,1672131051,1672131057,72,3,5.0,r1iJvHbkTs7K,
217,1672236932,1672236938,73,1,3.0,r1iJvHbkTs7K,
218,1672236932,1672236938,73,2,1.0,r1iJvHbkTs7K,
219,1672236932,1672236938,73,3,5.0,r1iJvHbkTs7K,
220,1672317387,1672317387,74,1,,r1iJvHbkTs7K,
221,1672317387,1672317387,74,2,,r1iJvHbkTs7K,
222,1672317387,1672317387,74,3,,r1iJvHbkTs7K,
223,1672421603,1672421613,75,1,3.0,r1iJvHbkTs7K,
224,1672421603,1672421613,75,2,5.0,r1iJvHbkTs7K,
225,1672421603,1672421613,75,3,5.0,r1iJvHbkTs7K,
226,1672492716,1672492721,76,1,5.0,r1iJvHbkTs7K,
227,1672492716,1672492721,76,2,5.0,r1iJvHbkTs7K,
228,1672492716,1672492721,76,3,5.0,r1iJvHbkTs7K,
229,1672650872,1672650889,77,1,5.0,r1iJvHbkTs7K,
230,1672650872,1672650889,77,2,5.0,r1iJvHbkTs7K,
231,1672650872,1672650889,77,3,5.0,r1iJvHbkTs7K,
232,1672739149,1672739154,78,1,5.0,r1iJvHbkTs7K,
233,1672739149,1672739154,78,2,5.0,r1iJvHbkTs7K,
234,1672739149,1672739154,78,3,5.0,r1iJvHbkTs7K,
235,1672853214,1672853214,79,1,,r1iJvHbkTs7K,
236,1672853214,1672853214,79,2,,r1iJvHbkTs7K,
237,1672853214,1672853214,79,3,,r1iJvHbkTs7K,
238,1672929238,1672929246,80,1,3.0,r1iJvHbkTs7K,
239,1672929238,1672929246,80,2,1.0,r1iJvHbkTs7K,
240,1672929238,1672929246,80,3,3.0,r1iJvHbkTs7K,
241,1673000971,1673000980,81,1,5.0,r1iJvHbkTs7K,
242,1673000971,1673000980,81,2,3.0,r1iJvHbkTs7K,
243,1673000971,1673000980,81,3,5.0,r1iJvHbkTs7K,
244,1673119988,1673119995,82,1,5.0,r1iJvHbkTs7K,
245,1673119988,1673119995,82,2,3.0,r1iJvHbkTs7K,
246,1673119988,1673119995,82,3,3.0,r1iJvHbkTs7K,
247,1673177721,1673177727,83,1,3.0,r1iJvHbkTs7K,
248,1673177721,1673177727,83,2,1.0,r1iJvHbkTs7K,
249,1673177721,1673177727,83,3,3.0,r1iJvHbkTs7K,
250,1673272016,1673272020,84,1,5.0,r1iJvHbkTs7K,
251,1673272016,1673272020,84,2,5.0,r1iJvHbkTs7K,
252,1673272016,1673272020,84,3,5.0,r1iJvHbkTs7K,
253,1673355150,1673355155,85,1,5.0,r1iJvHbkTs7K,
254,1673355150,1673355155,85,2,5.0,r1iJvHbkTs7K,
255,1673355150,1673355155,85,3,5.0,r1iJvHbkTs7K,
256,1673450990,1673451000,86,1,1.0,r1iJvHbkTs7K,
257,1673450990,1673451000,86,2,5.0,r1iJvHbkTs7K,
258,1673450990,1673451000,86,3,5.0,r1iJvHbkTs7K,
259,1673536372,1673536375,87,1,5.0,r1iJvHbkTs7K,
260,1673536372,1673536375,87,2,5.0,r1iJvHbkTs7K,
261,1673536372,1673536375,87,3,5.0,r1iJvHbkTs7K,
262,1673644544,1673644548,88,1,5.0,r1iJvHbkTs7K,
263,1673644544,1673644548,88,2,5.0,r1iJvHbkTs7K,
264,1673644544,1673644548,88,3,5.0,r1iJvHbkTs7K,
265,1673744454,1673744460,89,1,5.0,r1iJvHbkTs7K,
266,1673744454,1673744460,89,2,5.0,r1iJvHbkTs7K,
267,1673744454,1673744460,89,3,5.0,r1iJvHbkTs7K,
268,1673881245,1673881245,90,1,,r1iJvHbkTs7K,
269,1673881245,1673881245,90,2,,r1iJvHbkTs7K,
270,1673881245,1673881245,90,3,,r1iJvHbkTs7K,
271,1674553828,1674553833,91,1,5.0,r1iJvHbkTs7K,
272,1674553828,1674553833,91,2,5.0,r1iJvHbkTs7K,
273,1674553828,1674553833,91,3,5.0,r1iJvHbkTs7K,
274,1674658939,1674658942,92,1,5.0,r1iJvHbkTs7K,
275,1674658939,1674658942,92,2,5.0,r1iJvHbkTs7K,
276,1674658939,1674658942,92,3,5.0,r1iJvHbkTs7K,
277,1674725804,1674725808,93,1,5.0,r1iJvHbkTs7K,
278,1674725804,1674725808,93,2,5.0,r1iJvHbkTs7K,
279,1674725804,1674725808,93,3,5.0,r1iJvHbkTs7K,
280,1674831723,1674831730,94,1,5.0,r1iJvHbkTs7K,
281,1674831723,1674831730,94,2,5.0,r1iJvHbkTs7K,
282,1674831723,1674831730,94,3,5.0,r1iJvHbkTs7K,
283,1674907555,1674907558,95,1,5.0,r1iJvHbkTs7K,
284,1674907555,1674907558,95,2,5.0,r1iJvHbkTs7K,
285,1674907555,1674907558,95,3,5.0,r1iJvHbkTs7K,
286,1675157520,1675157525,96,1,5.0,r1iJvHbkTs7K,
287,1675157520,1675157525,96,2,5.0,r1iJvHbkTs7K,
288,1675157520,1675157525,96,3,5.0,r1iJvHbkTs7K,
289,1675237846,1675237861,97,1,3.0,r1iJvHbkTs7K,
290,1675237846,1675237861,97,2,5.0,r1iJvHbkTs7K,
291,1675237846,1675237861,97,3,5.0,r1iJvHbkTs7K,
292,1675353016,1675353021,98,1,3.0,r1iJvHbkTs7K,
293,1675353016,1675353021,98,2,5.0,r1iJvHbkTs7K,
294,1675353016,1675353021,98,3,5.0,r1iJvHbkTs7K,
295,1675414715,1675414719,99,1,5.0,r1iJvHbkTs7K,
296,1675414715,1675414719,99,2,5.0,r1iJvHbkTs7K,
297,1675414715,1675414719,99,3,5.0,r1iJvHbkTs7K,
298,1675504116,1675504119,100,1,5.0,r1iJvHbkTs7K,
299,1675504116,1675504119,100,2,5.0,r1iJvHbkTs7K,
300,1675504116,1675504119,100,3,5.0,r1iJvHbkTs7K,
301,1675713921,1675713925,101,1,5.0,r1iJvHbkTs7K,
302,1675713921,1675713925,101,2,5.0,r1iJvHbkTs7K,
303,1675713921,1675713925,101,3,5.0,r1iJvHbkTs7K,
304,1675761653,1675761657,102,1,5.0,r1iJvHbkTs7K,
305,1675761653,1675761657,102,2,5.0,r1iJvHbkTs7K,
306,1675761653,1675761657,102,3,5.0,r1iJvHbkTs7K,
307,1675843744,1675843761,103,1,1.0,r1iJvHbkTs7K,
308,1675843744,1675843761,103,2,3.0,r1iJvHbkTs7K,
309,1675843744,1675843761,103,3,5.0,r1iJvHbkTs7K,
310,1675933262,1675933275,104,1,5.0,r1iJvHbkTs7K,
311,1675933262,1675933275,104,2,5.0,r1iJvHbkTs7K,
312,1675933262,1675933275,104,3,5.0,r1iJvHbkTs7K,
313,1676027130,1676027140,105,1,3.0,r1iJvHbkTs7K,
314,1676027130,1676027140,105,2,5.0,r1iJvHbkTs7K,
315,1676027130,1676027140,105,3,5.0,r1iJvHbkTs7K,
316,1676125620,1676125629,106,1,5.0,r1iJvHbkTs7K,
317,1676125620,1676125629,106,2,5.0,r1iJvHbkTs7K,
318,1676125620,1676125629,106,3,5.0,r1iJvHbkTs7K,
319,1676288134,1676288138,107,1,5.0,r1iJvHbkTs7K,
320,1676288134,1676288138,107,2,5.0,r1iJvHbkTs7K,
321,1676288134,1676288138,107,3,5.0,r1iJvHbkTs7K,
322,1676367124,1676367137,108,1,5.0,r1iJvHbkTs7K,
323,1676367124,1676367137,108,2,5.0,r1iJvHbkTs7K,
324,1676367124,1676367137,108,3,5.0,r1iJvHbkTs7K,
325,1676458874,1676458891,109,1,1.0,r1iJvHbkTs7K,
326,1676458874,1676458891,109,2,5.0,r1iJvHbkTs7K,
327,1676458874,1676458891,109,3,3.0,r1iJvHbkTs7K,
328,1676539557,1676539562,110,1,3.0,r1iJvHbkTs7K,
329,1676539557,1676539562,110,2,5.0,r1iJvHbkTs7K,
330,1676539557,1676539562,110,3,5.0,r1iJvHbkTs7K,
331,1676669625,1676669631,111,1,5.0,r1iJvHbkTs7K,
332,1676669625,1676669631,111,2,5.0,r1iJvHbkTs7K,
333,1676669625,1676669631,111,3,3.0,r1iJvHbkTs7K,
334,1676715251,1676715254,112,1,5.0,r1iJvHbkTs7K,
335,1676715251,1676715254,112,2,5.0,r1iJvHbkTs7K,
336,1676715251,1676715254,112,3,5.0,r1iJvHbkTs7K,
337,1676971635,1676971641,113,1,5.0,r1iJvHbkTs7K,
338,1676971635,1676971641,113,2,5.0,r1iJvHbkTs7K,
339,1676971635,1676971641,113,3,5.0,r1iJvHbkTs7K,
340,1677054793,1677054803,114,1,3.0,r1iJvHbkTs7K,
341,1677054793,1677054803,114,2,1.0,r1iJvHbkTs7K,
342,1677054793,1677054803,114,3,5.0,r1iJvHbkTs7K,
343,1677148217,1677148225,115,1,3.0,r1iJvHbkTs7K,
344,1677148217,1677148225,115,2,5.0,r1iJvHbkTs7K,
345,1677148217,1677148225,115,3,5.0,r1iJvHbkTs7K,
346,1677318830,1677318839,116,1,5.0,r1iJvHbkTs7K,
347,1677318830,1677318839,116,2,5.0,r1iJvHbkTs7K,
348,1677318830,1677318839,116,3,5.0,r1iJvHbkTs7K,
349,1677448053,1677448056,117,1,5.0,r1iJvHbkTs7K,
350,1677448053,1677448056,117,2,5.0,r1iJvHbkTs7K,
351,1677448053,1677448056,117,3,5.0,r1iJvHbkTs7K,
352,1677575771,1677575775,118,1,5.0,r1iJvHbkTs7K,
353,1677575771,1677575775,118,2,5.0,r1iJvHbkTs7K,
354,1677575771,1677575775,118,3,5.0,r1iJvHbkTs7K,
355,1677681562,1677681567,119,1,3.0,r1iJvHbkTs7K,
356,1677681562,1677681567,119,2,5.0,r1iJvHbkTs7K,
357,1677681562,1677681567,119,3,5.0,r1iJvHbkTs7K,
358,1677712910,1677750797,120,1,5.0,r1iJvHbkTs7K,
359,1677712910,1677750797,120,2,5.0,r1iJvHbkTs7K,
360,1677712910,1677750797,120,3,5.0,r1iJvHbkTs7K,
361,1677833582,1677833589,121,1,3.0,r1iJvHbkTs7K,
362,1677833582,1677833589,121,2,5.0,r1iJvHbkTs7K,
363,1677833582,1677833589,121,3,5.0,r1iJvHbkTs7K,
364,1677917202,1677917202,122,1,,r1iJvHbkTs7K,
365,1677917202,1677917202,122,2,,r1iJvHbkTs7K,
366,1677917202,1677917202,122,3,,r1iJvHbkTs7K,
367,1678033876,1678033886,123,1,5.0,r1iJvHbkTs7K,
368,1678033876,1678033886,123,2,3.0,r1iJvHbkTs7K,
369,1678033876,1678033886,123,3,5.0,r1iJvHbkTs7K,
370,1678088387,1678088393,124,1,5.0,r1iJvHbkTs7K,
371,1678088387,1678088393,124,2,5.0,r1iJvHbkTs7K,
372,1678088387,1678088393,124,3,5.0,r1iJvHbkTs7K,
373,1678179789,1678179795,125,1,3.0,r1iJvHbkTs7K,
374,1678179789,1678179795,125,2,5.0,r1iJvHbkTs7K,
375,1678179789,1678179795,125,3,5.0,r1iJvHbkTs7K,
376,1678264802,1678264808,126,1,3.0,r1iJvHbkTs7K,
377,1678264802,1678264808,126,2,1.0,r1iJvHbkTs7K,
378,1678264802,1678264808,126,3,3.0,r1iJvHbkTs7K,
379,1678352231,1678352239,127,1,3.0,r1iJvHbkTs7K,
380,1678352231,1678352239,127,2,1.0,r1iJvHbkTs7K,
381,1678352231,1678352239,127,3,5.0,r1iJvHbkTs7K,
382,1678432876,1678432884,128,1,3.0,r1iJvHbkTs7K,
383,1678432876,1678432884,128,2,3.0,r1iJvHbkTs7K,
384,1678432876,1678432884,128,3,5.0,r1iJvHbkTs7K,
385,1678554498,1678554533,129,1,1.0,r1iJvHbkTs7K,
386,1678554498,1678554533,129,2,3.0,r1iJvHbkTs7K,
387,1678554498,1678554533,129,3,5.0,r1iJvHbkTs7K,
388,1678713220,1678713226,130,1,1.0,r1iJvHbkTs7K,
389,1678713220,1678713226,130,2,5.0,r1iJvHbkTs7K,
390,1678713220,1678713226,130,3,5.0,r1iJvHbkTs7K,
391,1678805500,1678805505,131,1,5.0,r1iJvHbkTs7K,
392,1678805500,1678805505,131,2,5.0,r1iJvHbkTs7K,
393,1678805500,1678805505,131,3,5.0,r1iJvHbkTs7K,
394,1678871899,1678871913,132,1,3.0,r1iJvHbkTs7K,
395,1678871899,1678871913,132,2,3.0,r1iJvHbkTs7K,
396,1678871899,1678871913,132,3,3.0,r1iJvHbkTs7K,
397,1678960577,1678960581,133,1,5.0,r1iJvHbkTs7K,
398,1678960577,1678960581,133,2,5.0,r1iJvHbkTs7K,
399,1678960577,1678960581,133,3,5.0,r1iJvHbkTs7K,
400,1679069396,1679069403,134,1,5.0,r1iJvHbkTs7K,
401,1679069396,1679069403,134,2,5.0,r1iJvHbkTs7K,
402,1679069396,1679069403,134,3,5.0,r1iJvHbkTs7K,
403,1679135451,1679135456,135,1,3.0,r1iJvHbkTs7K,
404,1679135451,1679135456,135,2,3.0,r1iJvHbkTs7K,
405,1679135451,1679135456,135,3,5.0,r1iJvHbkTs7K,
406,1679389007,1679389010,136,1,5.0,r1iJvHbkTs7K,
407,1679389007,1679389010,136,2,5.0,r1iJvHbkTs7K,
408,1679389007,1679389010,136,3,5.0,r1iJvHbkTs7K,
409,1679493232,1679493235,137,1,5.0,r1iJvHbkTs7K,
410,1679493232,1679493235,137,2,5.0,r1iJvHbkTs7K,
411,1679493232,1679493235,137,3,5.0,r1iJvHbkTs7K,
412,1679564100,1679564103,138,1,5.0,r1iJvHbkTs7K,
413,1679564100,1679564103,138,2,5.0,r1iJvHbkTs7K,
414,1679564100,1679564103,138,3,5.0,r1iJvHbkTs7K,
415,1679664293,1679664299,139,1,5.0,r1iJvHbkTs7K,
416,1679664293,1679664299,139,2,5.0,r1iJvHbkTs7K,
417,1679664293,1679664299,139,3,5.0,r1iJvHbkTs7K,
418,1679729287,1679729287,140,1,,r1iJvHbkTs7K,
419,1679729287,1679729287,140,2,,r1iJvHbkTs7K,
420,1679729287,1679729287,140,3,,r1iJvHbkTs7K,
421,1679990837,1679990842,141,1,5.0,r1iJvHbkTs7K,
422,1679990837,1679990842,141,2,5.0,r1iJvHbkTs7K,
423,1679990837,1679990842,141,3,5.0,r1iJvHbkTs7K,
424,1680074467,1680074471,142,1,5.0,r1iJvHbkTs7K,
425,1680074467,1680074471,142,2,5.0,r1iJvHbkTs7K,
426,1680074467,1680074471,142,3,5.0,r1iJvHbkTs7K,
427,1680164291,1680164291,143,1,,r1iJvHbkTs7K,
428,1680164291,1680164291,143,2,,r1iJvHbkTs7K,
429,1680164291,1680164291,143,3,,r1iJvHbkTs7K,
430,1680264059,1680264063,144,1,5.0,r1iJvHbkTs7K,
431,1680264059,1680264063,144,2,5.0,r1iJvHbkTs7K,
432,1680264059,1680264063,144,3,5.0,r1iJvHbkTs7K,
433,1680525214,1680525219,145,1,5.0,r1iJvHbkTs7K,
434,1680525214,1680525219,145,2,5.0,r1iJvHbkTs7K,
435,1680525214,1680525219,145,3,5.0,r1iJvHbkTs7K,
436,1680595736,1680595741,146,1,5.0,r1iJvHbkTs7K,
437,1680595736,1680595741,146,2,5.0,r1iJvHbkTs7K,
438,1680595736,1680595741,146,3,5.0,r1iJvHbkTs7K,
439,1680788416,1680788424,147,1,5.0,r1iJvHbkTs7K,
440,1680788416,1680788424,147,2,3.0,r1iJvHbkTs7K,
441,1680788416,1680788424,147,3,5.0,r1iJvHbkTs7K,
442,1680859553,1680859561,148,1,5.0,r1iJvHbkTs7K,
443,1680859553,1680859561,148,2,3.0,r1iJvHbkTs7K,
444,1680859553,1680859561,148,3,5.0,r1iJvHbkTs7K,
445,1681050010,1681050010,149,1,,r1iJvHbkTs7K,
446,1681050010,1681050010,149,2,,r1iJvHbkTs7K,
447,1681050010,1681050010,149,3,,r1iJvHbkTs7K,
448,1681247469,1681247473,150,1,5.0,r1iJvHbkTs7K,
449,1681247469,1681247473,150,2,5.0,r1iJvHbkTs7K,
450,1681247469,1681247473,150,3,5.0,r1iJvHbkTs7K,
451,1681302013,1681302022,151,1,3.0,r1iJvHbkTs7K,
452,1681302013,1681302022,151,2,5.0,r1iJvHbkTs7K,
453,1681302013,1681302022,151,3,3.0,r1iJvHbkTs7K,
454,1681380761,1681380770,152,1,5.0,r1iJvHbkTs7K,
455,1681380761,1681380770,152,2,5.0,r1iJvHbkTs7K,
456,1681380761,1681380770,152,3,5.0,r1iJvHbkTs7K,
457,1681457192,1681457197,153,1,5.0,r1iJvHbkTs7K,
458,1681457192,1681457197,153,2,5.0,r1iJvHbkTs7K,
459,1681457192,1681457197,153,3,5.0,r1iJvHbkTs7K,
460,1681550514,1681550521,154,1,5.0,r1iJvHbkTs7K,
461,1681550514,1681550521,154,2,5.0,r1iJvHbkTs7K,
462,1681550514,1681550521,154,3,5.0,r1iJvHbkTs7K,
463,1681720290,1681720290,155,1,,r1iJvHbkTs7K,
464,1681720290,1681720290,155,2,,r1iJvHbkTs7K,
465,1681720290,1681720290,155,3,,r1iJvHbkTs7K,
466,1681803478,1681803478,156,1,,r1iJvHbkTs7K,
467,1681803478,1681803478,156,2,,r1iJvHbkTs7K,
468,1681803478,1681803478,156,3,,r1iJvHbkTs7K,
469,1681896648,1681896652,157,1,5.0,r1iJvHbkTs7K,
470,1681896648,1681896652,157,2,5.0,r1iJvHbkTs7K,
471,1681896648,1681896652,157,3,5.0,r1iJvHbkTs7K,
472,1681977788,1681977792,158,1,5.0,r1iJvHbkTs7K,
473,1681977788,1681977792,158,2,5.0,r1iJvHbkTs7K,
474,1681977788,1681977792,158,3,5.0,r1iJvHbkTs7K,
475,1682059639,1682059642,159,1,5.0,r1iJvHbkTs7K,
476,1682059639,1682059642,159,2,5.0,r1iJvHbkTs7K,
477,1682059639,1682059642,159,3,5.0,r1iJvHbkTs7K,
478,1682194923,1682194923,160,1,,r1iJvHbkTs7K,
479,1682194923,1682194923,160,2,,r1iJvHbkTs7K,
480,1682194923,1682194923,160,3,,r1iJvHbkTs7K,
481,1682415936,1682415942,161,1,5.0,r1iJvHbkTs7K,
482,1682415936,1682415942,161,2,5.0,r1iJvHbkTs7K,
483,1682415936,1682415942,161,3,5.0,r1iJvHbkTs7K,
484,1682507063,1682507070,162,1,5.0,r1iJvHbkTs7K,
485,1682507063,1682507070,162,2,5.0,r1iJvHbkTs7K,
486,1682507063,1682507070,162,3,5.0,r1iJvHbkTs7K,
487,1682622012,1682622028,163,1,5.0,r1iJvHbkTs7K,
488,1682622012,1682622028,163,2,5.0,r1iJvHbkTs7K,
489,1682622012,1682622028,163,3,3.0,r1iJvHbkTs7K,
490,1682672661,1682672661,164,1,,r1iJvHbkTs7K,
491,1682672661,1682672661,164,2,,r1iJvHbkTs7K,
492,1682672661,1682672661,164,3,,r1iJvHbkTs7K,
493,1682835225,1682835235,165,1,5.0,r1iJvHbkTs7K,
494,1682835225,1682835235,165,2,5.0,r1iJvHbkTs7K,
495,1682835225,1682835235,165,3,3.0,r1iJvHbkTs7K,
496,1683024187,1683024191,166,1,5.0,r1iJvHbkTs7K,
497,1683024187,1683024191,166,2,5.0,r1iJvHbkTs7K,
498,1683024187,1683024191,166,3,3.0,r1iJvHbkTs7K,
499,1683100662,1683100680,167,1,1.0,r1iJvHbkTs7K,
500,1683100662,1683100680,167,2,5.0,r1iJvHbkTs7K,
501,1683100662,1683100680,167,3,3.0,r1iJvHbkTs7K,
502,1683199145,1683213228,168,1,5.0,r1iJvHbkTs7K,
503,1683199145,1683213228,168,2,5.0,r1iJvHbkTs7K,
504,1683199145,1683213228,168,3,3.0,r1iJvHbkTs7K,
505,1683277791,1683277797,169,1,3.0,r1iJvHbkTs7K,
506,1683277791,1683277797,169,2,5.0,r1iJvHbkTs7K,
507,1683277791,1683277797,169,3,5.0,r1iJvHbkTs7K,
508,1683326020,1683326020,170,1,,r1iJvHbkTs7K,
509,1683326020,1683326020,170,2,,r1iJvHbkTs7K,
510,1683326020,1683326020,170,3,,r1iJvHbkTs7K,
511,1683452221,1683452236,171,1,5.0,r1iJvHbkTs7K,
512,1683452221,1683452236,171,2,5.0,r1iJvHbkTs7K,
513,1683452221,1683452236,171,3,5.0,r1iJvHbkTs7K,
514,1683539734,1683539734,172,1,,r1iJvHbkTs7K,
515,1683539734,1683539734,172,2,,r1iJvHbkTs7K,
516,1683539734,1683539734,172,3,,r1iJvHbkTs7K,
517,1683622720,1683622725,173,1,3.0,r1iJvHbkTs7K,
518,1683622720,1683622725,173,2,5.0,r1iJvHbkTs7K,
519,1683622720,1683622725,173,3,3.0,r1iJvHbkTs7K,
520,1683714087,1683714099,174,1,5.0,r1iJvHbkTs7K,
521,1683714087,1683714099,174,2,5.0,r1iJvHbkTs7K,
522,1683714087,1683714099,174,3,5.0,r1iJvHbkTs7K,
523,1683794054,1683794062,175,1,3.0,r1iJvHbkTs7K,
524,1683794054,1683794062,175,2,5.0,r1iJvHbkTs7K,
525,1683794054,1683794062,175,3,5.0,r1iJvHbkTs7K,
526,1683897856,1683897862,176,1,3.0,r1iJvHbkTs7K,
527,1683897856,1683897862,176,2,5.0,r1iJvHbkTs7K,
528,1683897856,1683897862,176,3,3.0,r1iJvHbkTs7K,
529,1684045830,1684045839,177,1,5.0,r1iJvHbkTs7K,
530,1684045830,1684045839,177,2,3.0,r1iJvHbkTs7K,
531,1684045830,1684045839,177,3,3.0,r1iJvHbkTs7K,
532,1684114039,1684117900,178,1,5.0,r1iJvHbkTs7K,
533,1684114039,1684117900,178,2,5.0,r1iJvHbkTs7K,
534,1684114039,1684117900,178,3,5.0,r1iJvHbkTs7K,
535,1684203956,1684203956,179,1,,r1iJvHbkTs7K,
536,1684203956,1684203956,179,2,,r1iJvHbkTs7K,
537,1684203956,1684203956,179,3,,r1iJvHbkTs7K,
538,1684300638,1684300645,180,1,5.0,r1iJvHbkTs7K,
539,1684300638,1684300645,180,2,5.0,r1iJvHbkTs7K,
540,1684300638,1684300645,180,3,5.0,r1iJvHbkTs7K,
541,1684383489,1684383494,181,1,5.0,r1iJvHbkTs7K,
542,1684383489,1684383494,181,2,5.0,r1iJvHbkTs7K,
543,1684383489,1684383494,181,3,5.0,r1iJvHbkTs7K,
544,1684473170,1684473173,182,1,5.0,r1iJvHbkTs7K,
545,1684473170,1684473173,182,2,5.0,r1iJvHbkTs7K,
546,1684473170,1684473173,182,3,5.0,r1iJvHbkTs7K,
547,1684664040,1684664044,183,1,5.0,r1iJvHbkTs7K,
548,1684664040,1684664044,183,2,5.0,r1iJvHbkTs7K,
549,1684664040,1684664044,183,3,5.0,r1iJvHbkTs7K,
550,1684748377,1684748381,184,1,5.0,r1iJvHbkTs7K,
551,1684748377,1684748381,184,2,5.0,r1iJvHbkTs7K,
552,1684748377,1684748381,184,3,5.0,r1iJvHbkTs7K,
553,1684833684,1684833689,185,1,5.0,r1iJvHbkTs7K,
554,1684833684,1684833689,185,2,5.0,r1iJvHbkTs7K,
555,1684833684,1684833689,185,3,5.0,r1iJvHbkTs7K,
556,1684925972,1684925978,186,1,3.0,r1iJvHbkTs7K,
557,1684925972,1684925978,186,2,5.0,r1iJvHbkTs7K,
558,1684925972,1684925978,186,3,5.0,r1iJvHbkTs7K,
559,1685000674,1685000678,187,1,5.0,r1iJvHbkTs7K,
560,1685000674,1685000678,187,2,5.0,r1iJvHbkTs7K,
561,1685000674,1685000678,187,3,5.0,r1iJvHbkTs7K,
562,1685106227,1685106229,188,1,5.0,r1iJvHbkTs7K,
563,1685106227,1685106229,188,2,5.0,r1iJvHbkTs7K,
564,1685106227,1685106229,188,3,5.0,r1iJvHbkTs7K,
565,1685185820,1685185824,189,1,5.0,r1iJvHbkTs7K,
566,1685185820,1685185824,189,2,5.0,r1iJvHbkTs7K,
567,1685185820,1685185824,189,3,5.0,r1iJvHbkTs7K,
568,1685351566,1685351569,190,1,5.0,r1iJvHbkTs7K,
569,1685351566,1685351569,190,2,5.0,r1iJvHbkTs7K,
570,1685351566,1685351569,190,3,5.0,r1iJvHbkTs7K,
571,1685427309,1685427312,191,1,5.0,r1iJvHbkTs7K,
572,1685427309,1685427312,191,2,5.0,r1iJvHbkTs7K,
573,1685427309,1685427312,191,3,5.0,r1iJvHbkTs7K,
574,1685601081,1685601085,192,1,5.0,r1iJvHbkTs7K,
575,1685601081,1685601085,192,2,5.0,r1iJvHbkTs7K,
576,1685601081,1685601085,192,3,5.0,r1iJvHbkTs7K,
577,1685684226,1685684237,193,1,5.0,r1iJvHbkTs7K,
578,1685684226,1685684237,193,2,5.0,r1iJvHbkTs7K,
579,1685684226,1685684237,193,3,5.0,r1iJvHbkTs7K,
580,1685811787,1685811787,194,1,,r1iJvHbkTs7K,
581,1685811787,1685811787,194,2,,r1iJvHbkTs7K,
582,1685811787,1685811787,194,3,,r1iJvHbkTs7K,
583,1685957305,1685957309,195,1,5.0,r1iJvHbkTs7K,
584,1685957305,1685957309,195,2,5.0,r1iJvHbkTs7K,
585,1685957305,1685957309,195,3,5.0,r1iJvHbkTs7K,
586,1686054559,1686054562,196,1,5.0,r1iJvHbkTs7K,
587,1686054559,1686054562,196,2,5.0,r1iJvHbkTs7K,
588,1686054559,1686054562,196,3,5.0,r1iJvHbkTs7K,
589,1686121303,1686121327,197,1,5.0,r1iJvHbkTs7K,
590,1686121303,1686121327,197,2,5.0,r1iJvHbkTs7K,
591,1686121303,1686121327,197,3,5.0,r1iJvHbkTs7K,
592,1686209910,1686209913,198,1,5.0,r1iJvHbkTs7K,
593,1686209910,1686209913,198,2,5.0,r1iJvHbkTs7K,
594,1686209910,1686209913,198,3,5.0,r1iJvHbkTs7K,
595,1686300827,1686300830,199,1,5.0,r1iJvHbkTs7K,
596,1686300827,1686300830,199,2,5.0,r1iJvHbkTs7K,
597,1686300827,1686300830,199,3,5.0,r1iJvHbkTs7K,
598,1686466070,1686466073,200,1,5.0,r1iJvHbkTs7K,
599,1686466070,1686466073,200,2,5.0,r1iJvHbkTs7K,
600,1686466070,1686466073,200,3,5.0,r1iJvHbkTs7K,
601,1686557276,1686557279,201,1,5.0,r1iJvHbkTs7K,
602,1686557276,1686557279,201,2,5.0,r1iJvHbkTs7K,
603,1686557276,1686557279,201,3,5.0,r1iJvHbkTs7K,
604,1686647403,1686647406,202,1,5.0,r1iJvHbkTs7K,
605,1686647403,1686647406,202,2,5.0,r1iJvHbkTs7K,
606,1686647403,1686647406,202,3,5.0,r1iJvHbkTs7K,
607,1686762087,1686762090,203,1,5.0,r1iJvHbkTs7K,
608,1686762087,1686762090,203,2,5.0,r1iJvHbkTs7K,
609,1686762087,1686762090,203,3,5.0,r1iJvHbkTs7K,
610,1686817263,1686817266,204,1,5.0,r1iJvHbkTs7K,
611,1686817263,1686817266,204,2,5.0,r1iJvHbkTs7K,
612,1686817263,1686817266,204,3,5.0,r1iJvHbkTs7K,
613,1686912706,1686912710,205,1,5.0,r1iJvHbkTs7K,
614,1686912706,1686912710,205,2,5.0,r1iJvHbkTs7K,
615,1686912706,1686912710,205,3,5.0,r1iJvHbkTs7K,
616,1686991031,1686994410,206,1,5.0,r1iJvHbkTs7K,
617,1686991031,1686994410,206,2,5.0,r1iJvHbkTs7K,
618,1686991031,1686994410,206,3,5.0,r1iJvHbkTs7K,
619,1687077542,1687077545,207,1,5.0,r1iJvHbkTs7K,
620,1687077542,1687077545,207,2,5.0,r1iJvHbkTs7K,
621,1687077542,1687077545,207,3,5.0,r1iJvHbkTs7K,
622,1687376328,1687376331,208,1,5.0,r1iJvHbkTs7K,
623,1687376328,1687376331,208,2,5.0,r1iJvHbkTs7K,
624,1687376328,1687376331,208,3,5.0,r1iJvHbkTs7K,
625,1687420462,1687420470,209,1,5.0,r1iJvHbkTs7K,
626,1687420462,1687420470,209,2,5.0,r1iJvHbkTs7K,
627,1687420462,1687420470,209,3,5.0,r1iJvHbkTs7K,
628,1687501018,1687501021,210,1,5.0,r1iJvHbkTs7K,
629,1687501018,1687501021,210,2,5.0,r1iJvHbkTs7K,
630,1687501018,1687501021,210,3,5.0,r1iJvHbkTs7K,
631,1687597305,1687597309,211,1,5.0,r1iJvHbkTs7K,
632,1687597305,1687597309,211,2,5.0,r1iJvHbkTs7K,
633,1687597305,1687597309,211,3,5.0,r1iJvHbkTs7K,
634,1687673319,1687673326,212,1,5.0,r1iJvHbkTs7K,
635,1687673319,1687673326,212,2,5.0,r1iJvHbkTs7K,
636,1687673319,1687673326,212,3,5.0,r1iJvHbkTs7K,
637,1687959620,1687959693,213,1,3.0,r1iJvHbkTs7K,
638,1687959620,1687959693,213,2,5.0,r1iJvHbkTs7K,
639,1687959620,1687959693,213,3,5.0,r1iJvHbkTs7K,
640,1688045188,1688045192,214,1,5.0,r1iJvHbkTs7K,
641,1688045188,1688045192,214,2,5.0,r1iJvHbkTs7K,
642,1688045188,1688045192,214,3,5.0,r1iJvHbkTs7K,
643,1688115180,1688115190,215,1,5.0,r1iJvHbkTs7K,
644,1688115180,1688115190,215,2,5.0,r1iJvHbkTs7K,
645,1688115180,1688115190,215,3,5.0,r1iJvHbkTs7K,
646,1688203259,1688203264,216,1,5.0,r1iJvHbkTs7K,
647,1688203259,1688203264,216,2,5.0,r1iJvHbkTs7K,
648,1688203259,1688203264,216,3,5.0,r1iJvHbkTs7K,
649,1688384507,1688384513,217,1,5.0,r1iJvHbkTs7K,
650,1688384507,1688384513,217,2,5.0,r1iJvHbkTs7K,
651,1688384507,1688384513,217,3,3.0,r1iJvHbkTs7K,
652,1688458486,1688458491,218,1,5.0,r1iJvHbkTs7K,
653,1688458486,1688458491,218,2,5.0,r1iJvHbkTs7K,
654,1688458486,1688458491,218,3,5.0,r1iJvHbkTs7K,
655,1688540971,1688540971,219,1,,r1iJvHbkTs7K,
656,1688540971,1688540971,219,2,,r1iJvHbkTs7K,
657,1688540971,1688540971,219,3,,r1iJvHbkTs7K,
658,1688633876,1688633879,220,1,5.0,r1iJvHbkTs7K,
659,1688633876,1688633879,220,2,5.0,r1iJvHbkTs7K,
660,1688633876,1688633879,220,3,5.0,r1iJvHbkTs7K,
661,1688719556,1688719559,221,1,5.0,r1iJvHbkTs7K,
662,1688719556,1688719559,221,2,5.0,r1iJvHbkTs7K,
663,1688719556,1688719559,221,3,5.0,r1iJvHbkTs7K,
664,1688894221,1688894221,222,1,,r1iJvHbkTs7K,
665,1688894221,1688894221,222,2,,r1iJvHbkTs7K,
666,1688894221,1688894221,222,3,,r1iJvHbkTs7K,
667,1689015566,1689015566,223,1,,r1iJvHbkTs7K,
668,1689015566,1689015566,223,2,,r1iJvHbkTs7K,
669,1689015566,1689015566,223,3,,r1iJvHbkTs7K,
670,1689065466,1689065471,224,1,5.0,r1iJvHbkTs7K,
671,1689065466,1689065471,224,2,5.0,r1iJvHbkTs7K,
672,1689065466,1689065471,224,3,5.0,r1iJvHbkTs7K,
673,1689156620,1689156624,225,1,5.0,r1iJvHbkTs7K,
674,1689156620,1689156624,225,2,5.0,r1iJvHbkTs7K,
675,1689156620,1689156624,225,3,5.0,r1iJvHbkTs7K,
676,1689246274,1689246278,226,1,5.0,r1iJvHbkTs7K,
677,1689246274,1689246278,226,2,5.0,r1iJvHbkTs7K,
678,1689246274,1689246278,226,3,5.0,r1iJvHbkTs7K,
679,1689323556,1689323559,227,1,5.0,r1iJvHbkTs7K,
680,1689323556,1689323559,227,2,5.0,r1iJvHbkTs7K,
681,1689323556,1689323559,227,3,5.0,r1iJvHbkTs7K,
682,1689407311,1689407314,228,1,5.0,r1iJvHbkTs7K,
683,1689407311,1689407314,228,2,5.0,r1iJvHbkTs7K,
684,1689407311,1689407314,228,3,5.0,r1iJvHbkTs7K,
685,1689582696,1689582708,229,1,3.0,r1iJvHbkTs7K,
686,1689582696,1689582708,229,2,5.0,r1iJvHbkTs7K,
687,1689582696,1689582708,229,3,5.0,r1iJvHbkTs7K,
688,1689693032,1689693036,230,1,5.0,r1iJvHbkTs7K,
689,1689693032,1689693036,230,2,5.0,r1iJvHbkTs7K,
690,1689693032,1689693036,230,3,5.0,r1iJvHbkTs7K,
691,1689754795,1689754802,231,1,5.0,r1iJvHbkTs7K,
692,1689754795,1689754802,231,2,5.0,r1iJvHbkTs7K,
693,1689754795,1689754802,231,3,5.0,r1iJvHbkTs7K,
694,1689849842,1689849851,232,1,5.0,r1iJvHbkTs7K,
695,1689849842,1689849851,232,2,5.0,r1iJvHbkTs7K,
696,1689849842,1689849851,232,3,5.0,r1iJvHbkTs7K,
697,1689931010,1689931010,233,1,,r1iJvHbkTs7K,
698,1689931010,1689931010,233,2,,r1iJvHbkTs7K,
699,1689931010,1689931010,233,3,,r1iJvHbkTs7K,
700,1690006808,1690006811,234,1,5.0,r1iJvHbkTs7K,
701,1690006808,1690006811,234,2,5.0,r1iJvHbkTs7K,
702,1690006808,1690006811,234,3,5.0,r1iJvHbkTs7K,
703,1690109192,1690109197,235,1,3.0,r1iJvHbkTs7K,
704,1690109192,1690109197,235,2,5.0,r1iJvHbkTs7K,
705,1690109192,1690109197,235,3,5.0,r1iJvHbkTs7K,
706,1690181806,1690181814,236,1,1.0,r1iJvHbkTs7K,
707,1690181806,1690181814,236,2,5.0,r1iJvHbkTs7K,
708,1690181806,1690181814,236,3,5.0,r1iJvHbkTs7K,
709,1690278293,1690278297,237,1,3.0,r1iJvHbkTs7K,
710,1690278293,1690278297,237,2,5.0,r1iJvHbkTs7K,
711,1690278293,1690278297,237,3,5.0,r1iJvHbkTs7K,
712,1690358619,1690358640,238,1,3.0,r1iJvHbkTs7K,
713,1690358619,1690358640,238,2,5.0,r1iJvHbkTs7K,
714,1690358619,1690358640,238,3,5.0,r1iJvHbkTs7K,
715,1690443488,1690443494,239,1,5.0,r1iJvHbkTs7K,
716,1690443488,1690443494,239,2,5.0,r1iJvHbkTs7K,
717,1690443488,1690443494,239,3,5.0,r1iJvHbkTs7K,
718,1690546400,1690546406,240,1,5.0,r1iJvHbkTs7K,
719,1690546400,1690546406,240,2,5.0,r1iJvHbkTs7K,
720,1690546400,1690546406,240,3,5.0,r1iJvHbkTs7K,
721,1690623329,1690623333,241,1,5.0,r1iJvHbkTs7K,
722,1690623329,1690623333,241,2,5.0,r1iJvHbkTs7K,
723,1690623329,1690623333,241,3,5.0,r1iJvHbkTs7K,
724,1690809199,1690809205,242,1,5.0,r1iJvHbkTs7K,
725,1690809199,1690809205,242,2,5.0,r1iJvHbkTs7K,
726,1690809199,1690809205,242,3,5.0,r1iJvHbkTs7K,
727,1690868831,1690868831,243,1,,r1iJvHbkTs7K,
728,1690868831,1690868831,243,2,,r1iJvHbkTs7K,
729,1690868831,1690868831,243,3,,r1iJvHbkTs7K,
730,1690971156,1690971162,244,1,3.0,r1iJvHbkTs7K,
731,1690971156,1690971162,244,2,5.0,r1iJvHbkTs7K,
732,1690971156,1690971162,244,3,5.0,r1iJvHbkTs7K,
733,1691044451,1691044454,245,1,5.0,r1iJvHbkTs7K,
734,1691044451,1691044454,245,2,5.0,r1iJvHbkTs7K,
735,1691044451,1691044454,245,3,5.0,r1iJvHbkTs7K,
736,1691233950,1691233953,246,1,5.0,r1iJvHbkTs7K,
737,1691233950,1691233953,246,2,5.0,r1iJvHbkTs7K,
738,1691233950,1691233953,246,3,5.0,r1iJvHbkTs7K,
739,1691397965,1691397970,247,1,1.0,r1iJvHbkTs7K,
740,1691397965,1691397970,247,2,5.0,r1iJvHbkTs7K,
741,1691397965,1691397970,247,3,5.0,r1iJvHbkTs7K,
742,1691484405,1691484412,248,1,1.0,r1iJvHbkTs7K,
743,1691484405,1691484412,248,2,5.0,r1iJvHbkTs7K,
744,1691484405,1691484412,248,3,5.0,r1iJvHbkTs7K,
745,1691568257,1691568263,249,1,3.0,r1iJvHbkTs7K,
746,1691568257,1691568263,249,2,5.0,r1iJvHbkTs7K,
747,1691568257,1691568263,249,3,5.0,r1iJvHbkTs7K,
748,1691671191,1691671197,250,1,3.0,r1iJvHbkTs7K,
749,1691671191,1691671197,250,2,5.0,r1iJvHbkTs7K,
750,1691671191,1691671197,250,3,5.0,r1iJvHbkTs7K,
751,1691754923,1691754927,251,1,3.0,r1iJvHbkTs7K,
752,1691754923,1691754927,251,2,5.0,r1iJvHbkTs7K,
753,1691754923,1691754927,251,3,5.0,r1iJvHbkTs7K,
754,1692082921,1692082924,252,1,5.0,r1iJvHbkTs7K,
755,1692082921,1692082924,252,2,5.0,r1iJvHbkTs7K,
756,1692082921,1692082924,252,3,5.0,r1iJvHbkTs7K,
757,1692204445,1692204450,253,1,5.0,r1iJvHbkTs7K,
758,1692204445,1692204450,253,2,5.0,r1iJvHbkTs7K,
759,1692204445,1692204450,253,3,5.0,r1iJvHbkTs7K,
760,1692283026,1692283026,254,1,,r1iJvHbkTs7K,
761,1692283026,1692283026,254,2,,r1iJvHbkTs7K,
762,1692283026,1692283026,254,3,,r1iJvHbkTs7K,
763,1692345839,1692345844,255,1,5.0,r1iJvHbkTs7K,
764,1692345839,1692345844,255,2,5.0,r1iJvHbkTs7K,
765,1692345839,1692345844,255,3,5.0,r1iJvHbkTs7K,
766,1692444114,1692444119,256,1,5.0,r1iJvHbkTs7K,
767,1692444114,1692444119,256,2,5.0,r1iJvHbkTs7K,
768,1692444114,1692444119,256,3,5.0,r1iJvHbkTs7K,
769,1692482611,1692482611,257,1,,r1iJvHbkTs7K,
770,1692482611,1692482611,257,2,,r1iJvHbkTs7K,
771,1692482611,1692482611,257,3,,r1iJvHbkTs7K,
772,1692778380,1692778380,258,1,,r1iJvHbkTs7K,
773,1692778380,1692778380,258,2,,r1iJvHbkTs7K,
774,1692778380,1692778380,258,3,,r1iJvHbkTs7K,
775,1692901373,1692901376,259,1,5.0,r1iJvHbkTs7K,
776,1692901373,1692901376,259,2,5.0,r1iJvHbkTs7K,
777,1692901373,1692901376,259,3,5.0,r1iJvHbkTs7K,
778,1692993862,1692993865,260,1,5.0,r1iJvHbkTs7K,
779,1692993862,1692993865,260,2,5.0,r1iJvHbkTs7K,
780,1692993862,1692993865,260,3,5.0,r1iJvHbkTs7K,
781,1693226625,1693226629,261,1,5.0,r1iJvHbkTs7K,
782,1693226625,1693226629,261,2,5.0,r1iJvHbkTs7K,
783,1693226625,1693226629,261,3,5.0,r1iJvHbkTs7K,
784,1693333148,1693333150,262,1,5.0,r1iJvHbkTs7K,
785,1693333148,1693333150,262,2,5.0,r1iJvHbkTs7K,
786,1693333148,1693333150,262,3,5.0,r1iJvHbkTs7K,
787,1693382430,1693382434,263,1,5.0,r1iJvHbkTs7K,
788,1693382430,1693382434,263,2,5.0,r1iJvHbkTs7K,
789,1693382430,1693382434,263,3,5.0,r1iJvHbkTs7K,
790,1693471143,1693471150,264,1,3.0,r1iJvHbkTs7K,
791,1693471143,1693471150,264,2,5.0,r1iJvHbkTs7K,
792,1693471143,1693471150,264,3,5.0,r1iJvHbkTs7K,
793,1693824234,1693824239,265,1,5.0,r1iJvHbkTs7K,
794,1693824234,1693824239,265,2,5.0,r1iJvHbkTs7K,
795,1693824234,1693824239,265,3,5.0,r1iJvHbkTs7K,
796,1693991961,1693991966,266,1,5.0,r1iJvHbkTs7K,
797,1693991961,1693991966,266,2,5.0,r1iJvHbkTs7K,
798,1693991961,1693991966,266,3,5.0,r1iJvHbkTs7K,
799,1694076489,1694076493,267,1,5.0,r1iJvHbkTs7K,
800,1694076489,1694076493,267,2,5.0,r1iJvHbkTs7K,
801,1694076489,1694076493,267,3,5.0,r1iJvHbkTs7K,
802,1694172056,1694172068,268,1,5.0,r1iJvHbkTs7K,
803,1694172056,1694172068,268,2,5.0,r1iJvHbkTs7K,
804,1694172056,1694172068,268,3,5.0,r1iJvHbkTs7K,
805,1694251777,1694251780,269,1,5.0,r1iJvHbkTs7K,
806,1694251777,1694251780,269,2,5.0,r1iJvHbkTs7K,
807,1694251777,1694251780,269,3,5.0,r1iJvHbkTs7K,
808,1694371515,1694371515,270,1,,r1iJvHbkTs7K,
809,1694371515,1694371515,270,2,,r1iJvHbkTs7K,
810,1694371515,1694371515,270,3,,r1iJvHbkTs7K,
811,1694430581,1694430581,271,1,,r1iJvHbkTs7K,
812,1694430581,1694430581,271,2,,r1iJvHbkTs7K,
813,1694430581,1694430581,271,3,,r1iJvHbkTs7K,
814,1694532726,1694532726,272,1,,r1iJvHbkTs7K,
815,1694532726,1694532726,272,2,,r1iJvHbkTs7K,
816,1694532726,1694532726,272,3,,r1iJvHbkTs7K,
817,1695059140,1695059140,273,1,,r1iJvHbkTs7K,
818,1695059140,1695059140,273,2,,r1iJvHbkTs7K,
819,1695059140,1695059140,273,3,,r1iJvHbkTs7K,
820,1695464617,1695464621,274,1,5.0,r1iJvHbkTs7K,
821,1695464617,1695464621,274,2,5.0,r1iJvHbkTs7K,
822,1695464617,1695464621,274,3,5.0,r1iJvHbkTs7K,
823,1695653443,1695653451,275,1,5.0,r1iJvHbkTs7K,
824,1695653443,1695653451,275,2,5.0,r1iJvHbkTs7K,
825,1695653443,1695653451,275,3,5.0,r1iJvHbkTs7K,
826,1695758393,1695758403,276,1,5.0,r1iJvHbkTs7K,
827,1695758393,1695758403,276,2,5.0,r1iJvHbkTs7K,
828,1695758393,1695758403,276,3,5.0,r1iJvHbkTs7K,
829,1695826854,1695826858,277,1,5.0,r1iJvHbkTs7K,
830,1695826854,1695826858,277,2,5.0,r1iJvHbkTs7K,
831,1695826854,1695826858,277,3,5.0,r1iJvHbkTs7K,
832,1695888037,1695888044,278,1,5.0,r1iJvHbkTs7K,
833,1695888037,1695888044,278,2,5.0,r1iJvHbkTs7K,
834,1695888037,1695888044,278,3,5.0,r1iJvHbkTs7K,
