_id,_time_c,_time_u,match_id,tag_id,_aid
1,1654161444,1654161444,342,1,r1iJvHbkTs7K
2,1678268654,1678268654,773,2,r1iJvHbkTs7K
3,1678268654,1678268654,770,2,r1iJvHbkTs7K
4,1678268654,1678268654,768,2,r1iJvHbkTs7K
5,1678268654,1678268654,765,2,r1iJvHbkTs7K
6,1678268654,1678268654,769,2,r1iJvHbkTs7K
7,1678268684,1678268684,764,3,r1iJvHbkTs7K
8,1678268684,1678268684,763,3,r1iJvHbkTs7K
9,1678352278,1678352278,775,3,r1iJvHbkTs7K
10,1678353434,1678353434,776,3,r1iJvHbkTs7K
11,1678354960,1678354960,770,1,r1iJvHbkTs7K
12,1679774422,1679774422,794,4,r1iJvHbkTs7K
13,1686303058,1686303058,935,1,r1iJvHbkTs7K
14,1686992570,1686992570,951,5,r1iJvHbkTs7K
15,1689104669,1689104669,991,1,r1iJvHbkTs7K
16,1731580136,1731580136,1792,6,r1iJvHbkTs7K
